ID,Address,Name,Employees,location
1,北京市朝阳区阜通东大街6号, Madeira,8,"116.48878656332514,39.99563790196218"
2,龙华区致远中路深圳北站西广场, Bready Shop,15,"114.03403813481226,22.613802827201784"
